{
    "Homography matrix": [
        [
            -0.10956099526617422,
            -0.0003208228265481424,
            259.5527247795924
        ],
        [
            0.0003332186338104013,
            -0.10946200943036148,
            236.89087085967728
        ],
        [
            -1.3328232843335757e-06,
            -7.794408939323622e-09,
            1.0
        ]
    ],
    "Camera matrix": [
        [
            3620.8167802805046,
            0.0,
            1294.339077517746
        ],
        [
            0.0,
            3604.2136114803516,
            949.4492379814498
        ],
        [
            0.0,
            0.0,
            1.0
        ]
    ],
    "Distortion": [
        [
            -0.23696744292222724,
            0.14647639450033495,
            0.0006425001344394829,
            0.0005964162512864968,
            0.5140635891585197
        ]
    ],
    "Frame size": [
        2590,
        1944
    ],
    "Optimal camera matrix": [
        [
            3478.544541280674,
            0.0,
            1295.4374967863225
        ],
        [
            0.0,
            3460.9608784840266,
            949.9634426180725
        ],
        [
            0.0,
            0.0,
            1.0
        ]
    ],
    "Distortion ROI": [
        15,
        23,
        2559,
        1898
    ]
}